Spacing,RegenerationTime,Interpretation,Tactic,A,B,C,D,All
enforced,1,radius,extensive-intensive,0.023256840149093586,0.028886695642857833,0.020410784040895726,0.015795654089497492,0.02264297206336234
off,1,radius,extensive-intensive,0.015327360219857023,0.024616456733152697,0.020410784040895726,0.008767857883763712,0.018055572382177032
enforced,1,radius,extensive-only,0.005949222633825779,0.010030560607610053,0.012822854141881156,0.00454517438124291,0.008764710858347775
off,1,radius,extensive-only,0.0068669914826799475,0.00756776123879741,0.012822854141881156,0.007004772257675395,0.008774581238189801
enforced,1,diameter,local-density (r = 4.5),0.04476854761187788,NA,NA,NA,0.04476854761187788
off,1,diameter,local-density (r = 4.5),0.04938229217739529,NA,NA,NA,0.04938229217739529
enforced,1,radius,local-density (r = 4.5),0.14595809066943866,NA,NA,NA,0.14595809066943866
off,1,radius,local-density (r = 4.5),0.16373223145174773,NA,NA,NA,0.16373223145174773
enforced,1,diameter,local-density (r = 9),0.06850468465694737,0.08863086611063219,0.06267587084370654,0.02511103958827347,0.06564141858965858
off,1,diameter,local-density (r = 9),0.0822996352694868,0.08140341108624544,0.06267587084370654,0.049423654587074387,0.07129858835999775
enforced,1,radius,local-density (r = 9),0.09281717873076564,0.04591026908837549,0.09175531580095203,0.11624114995765712,0.09054387030906816
off,1,radius,local-density (r = 9),0.09432309260162725,0.05132995611591008,0.09175531580095203,0.06530405411894227,0.0791991884003826
enforced,1000,radius,extensive-intensive,0.1584135591666209,0.16657872472653293,0.17531278531357322,0.058217114806165524,0.14832299810215954
off,1000,radius,extensive-intensive,0.1553366283060538,0.16223830465896236,0.17531278531357322,0.05065959336364493,0.14554528138965864
enforced,1000,radius,extensive-only,0.012167443055714293,0.01637717745921588,0.010676447850802035,0.014186622963845144,0.01342375316122572
off,1000,radius,extensive-only,0.013693114975538816,0.018469593035419396,0.010676447850802035,0.014154484653220422,0.014455212302255924
enforced,1000,diameter,local-density (r = 4.5),0.10068698900008627,NA,NA,NA,0.10068698900008627
off,1000,diameter,local-density (r = 4.5),0.09718402429163679,NA,NA,NA,0.09718402429163679
enforced,1000,radius,local-density (r = 4.5),0.049128884520817734,NA,NA,NA,0.049128884520817734
off,1000,radius,local-density (r = 4.5),0.05199166479771152,NA,NA,NA,0.05199166479771152
enforced,1000,diameter,local-density (r = 9),0.10661222636999575,0.25055641697261644,0.21390292794462537,0.09393211236753923,0.17486991526804027
off,1000,diameter,local-density (r = 9),0.1024879438673619,0.24355101541197421,0.21390292794462537,0.08540501420137084,0.17077016560262173
enforced,1000,radius,local-density (r = 9),0.11360094411229502,0.21637091172181092,0.17470312704457489,0.12578822596541644,0.15959115878317628
off,1000,radius,local-density (r = 9),0.10194580114230059,0.20820192587043415,0.17470312704457489,0.09221185741807396,0.14901949770043968
