Scenario,Tactic,RelativeEfficiency
1,extensive-only,1.00
2,extensive-only,1.005
3,extensive-only,1.00
4,extensive-only,1.00
5,extensive-only,0.995
6,extensive-only,1.01
7,extensive-only,1.00
8,extensive-only,0.99
1,extensive-intensive,1.44
2,extensive-intensive,1.41
3,extensive-intensive,1.34
4,extensive-intensive,1.22
5,extensive-intensive,1.13
6,extensive-intensive,1.08
7,extensive-intensive,1.04
8,extensive-intensive,1.02
1,local-density (r = 9),1.33
2,local-density (r = 9),1.38
3,local-density (r = 9),1.38
4,local-density (r = 9),1.32
5,local-density (r = 9),1.23
6,local-density (r = 9),1.16
7,local-density (r = 9),1.10
8,local-density (r = 9),1.09
1,local-density (r = 4.5),1.27
2,local-density (r = 4.5),1.32
3,local-density (r = 4.5),1.30
4,local-density (r = 4.5),1.16
5,local-density (r = 4.5),1.12
6,local-density (r = 4.5),1.08
7,local-density (r = 4.5),1.05
8,local-density (r = 4.5),1.03
9,extensive-only,1.02
10,extensive-only,1.005
11,extensive-only,1.005
12,extensive-only,1.005
13,extensive-only,1.00
14,extensive-only,1.00
9,extensive-intensive,1.10
10,extensive-intensive,1.12
11,extensive-intensive,1.20
12,extensive-intensive,1.27
13,extensive-intensive,1.30
14,extensive-intensive,1.34
9,local-density (r = 9),1.48
10,local-density (r = 9),1.47
11,local-density (r = 9),1.42
12,local-density (r = 9),1.40
13,local-density (r = 9),1.40
14,local-density (r = 9),1.38
15,extensive-only,0.995
16,extensive-only,1.005
17,extensive-only,1.00
18,extensive-only,1.00
19,extensive-only,1.00
20,extensive-only,1.00
15,extensive-intensive,1.12
16,extensive-intensive,1.19
17,extensive-intensive,1.27
18,extensive-intensive,1.31
19,extensive-intensive,1.33
20,extensive-intensive,1.34
15,local-density (r = 9),1.47
16,local-density (r = 9),1.46
17,local-density (r = 9),1.42
18,local-density (r = 9),1.40
19,local-density (r = 9),1.40
20,local-density (r = 9),1.38
21,extensive-only,0.995
22,extensive-only,0.997
23,extensive-only,0.993
24,extensive-only,1.00
25,extensive-only,1.00
26,extensive-only,0.997
21,extensive-intensive,1.03
22,extensive-intensive,1.04
23,extensive-intensive,1.03
24,extensive-intensive,1.035
25,extensive-intensive,1.035
26,extensive-intensive,1.03
21,local-density (r = 9),1.25
22,local-density (r = 9),1.29
23,local-density (r = 9),1.17
24,local-density (r = 9),1.155
25,local-density (r = 9),1.13
26,local-density (r = 9),1.10
