Spacing,Group,Scenario,PreyNumber,PreyPatchSize,PreySpacing,RegenerationTime,Runs,MeanCaptured,SE,PaperPreyCaptured
enforced,A,1,49,10,0,1,60,19388.35,74.37769251642453,18500
enforced,A,2,49,15,0,1,60,24999.95,85.1492290074606,25500
enforced,A,3,49,20,1,1,60,29892.766666666666,48.444402093141356,27300
enforced,A,4,49,30,2,1,60,31468.6,23.05700623938771,29500
enforced,A,5,49,40,3,1,60,31415.816666666666,21.840284290520856,30500
enforced,A,6,49,50,5,1,60,31431.966666666667,20.28590792307935,30500
enforced,A,7,49,60,6,1,60,31395.666666666668,19.23147236147578,31000
enforced,A,8,49,70,7,1,60,30929.466666666667,39.58476185349757,31000
enforced,B,9,5,20,7,1,60,3205.983333333333,6.116223294018748,3000
enforced,B,10,10,20,5,1,60,6405.866666666667,11.98545414705305,5600
enforced,B,11,20,20,3,1,60,12808.183333333332,14.772330442564959,11800
enforced,B,12,30,20,2,1,60,19229.4,16.550883704879002,17500
enforced,B,13,40,20,1,1,60,24713.466666666667,42.650858653484015,23000
enforced,B,14,49,20,1,1,60,30039.5,49.38007500915328,27300
enforced,C,15,5,6,0,1,60,2875.3166666666666,27.9993290039321,3000
enforced,C,16,10,9,0,1,60,5722.183333333333,36.3916819488453,5800
enforced,C,17,20,13,0,1,60,11352.966666666667,58.18238888742738,11800
enforced,C,18,30,16,0,1,60,16953.666666666668,67.13076734754664,17600
enforced,C,19,40,18,0,1,60,22434.2,71.92141741154629,23000
enforced,C,20,49,20,0,1,60,27553.95,103.17880488179807,27600
enforced,D,21,5,70,10,1,60,3166.9166666666665,13.043718137959111,3200
enforced,D,22,10,70,10,1,60,6314.783333333334,18.552248583265907,6200
enforced,D,23,20,70,10,1,60,12592.5,20.211725354553717,13000
enforced,D,24,30,70,10,1,60,18849.433333333334,37.192789583289084,19000
enforced,D,25,40,70,7,1,60,25316.65,28.652238107826243,25000
enforced,D,26,49,70,7,1,60,30855.666666666668,33.95253971235467,31000
enforced,A,1,49,10,0,1000,60,15189,39.24320085771957,18500
enforced,A,2,49,15,0,1000,60,17367.916666666668,34.02036023539638,25500
enforced,A,3,49,20,1,1000,60,18797.833333333332,17.2735414841571,27300
enforced,A,4,49,30,2,1000,60,19166.466666666667,10.457648423337789,29500
enforced,A,5,49,40,3,1000,60,19140.716666666667,12.392591455200883,30500
enforced,A,6,49,50,5,1000,60,19131.183333333334,7.918243672843336,30500
enforced,A,7,49,60,6,1000,60,19147.916666666668,7.267149662588196,31000
enforced,A,8,49,70,7,1000,60,18924.083333333332,13.569933774213297,31000
enforced,B,9,5,20,7,1000,60,1952.7,3.7073983141668236,3000
enforced,B,10,10,20,5,1000,60,3909.05,4.577235800198789,5600
enforced,B,11,20,20,3,1000,60,7824.416666666667,6.785839845630469,11800
enforced,B,12,30,20,2,1000,60,11728.566666666668,8.243996845733689,17500
enforced,B,13,40,20,1,1000,60,15395.516666666666,14.758995948017498,23000
enforced,B,14,49,20,1,1000,60,18810.666666666668,15.470158382403454,27300
enforced,C,15,5,6,0,1000,60,1858.3833333333334,8.510315829503085,3000
enforced,C,16,10,9,0,1000,60,3737.8333333333335,12.71142478838069,5800
enforced,C,17,20,13,0,1000,60,7428.1,17.521168794695274,11800
enforced,C,18,30,16,0,1000,60,11113.666666666666,24.143856369201835,17600
enforced,C,19,40,18,0,1000,60,14787.333333333334,23.915182831585735,23000
enforced,C,20,49,20,0,1000,60,18132.033333333333,31.177639084890977,27600
enforced,D,21,5,70,10,1000,60,1933.2666666666667,5.675841691566218,3200
enforced,D,22,10,70,10,1000,60,3879.95,7.928509132374566,6200
enforced,D,23,20,70,10,1000,60,7722.083333333333,10.491677941414583,13000
enforced,D,24,30,70,10,1000,60,11576.566666666668,13.517792557621423,19000
enforced,D,25,40,70,7,1000,60,15448.85,15.53250328157346,25000
enforced,D,26,49,70,7,1000,60,18931.566666666666,14.834708245807523,31000
off,A,1,49,10,0,1,60,19388.35,74.37769251642453,18500
off,A,2,49,15,0,1,60,24999.95,85.1492290074606,25500
off,A,3,49,20,1,1,60,27424.05,99.76572678085894,27300
off,A,4,49,30,2,1,60,29642.816666666666,81.85433697225584,29500
off,A,5,49,40,3,1,60,30402.066666666666,61.79513203116836,30500
off,A,6,49,50,5,1,60,30771.266666666666,50.743866995576745,30500
off,A,7,49,60,6,1,60,30993.15,48.28697655185892,31000
off,A,8,49,70,7,1,60,30779.516666666666,42.83483251569725,31000
off,B,9,5,20,7,1,60,3174.0833333333335,12.061056808468312,3000
off,B,10,10,20,5,1,60,6248.116666666667,24.92457652731363,5600
off,B,11,20,20,3,1,60,12085.383333333333,48.71546635267458,11800
off,B,12,30,20,2,1,60,17888.45,64.19752985110136,17500
off,B,13,40,20,1,1,60,23007.616666666665,80.23874717967759,23000
off,B,14,49,20,1,1,60,27558.316666666666,89.70097056100167,27300
off,C,15,5,6,0,1,60,2875.3166666666666,27.9993290039321,3000
off,C,16,10,9,0,1,60,5722.183333333333,36.3916819488453,5800
off,C,17,20,13,0,1,60,11352.966666666667,58.18238888742738,11800
off,C,18,30,16,0,1,60,16953.666666666668,67.13076734754664,17600
off,C,19,40,18,0,1,60,22434.2,71.92141741154629,23000
off,C,20,49,20,0,1,60,27553.95,103.17880488179807,27600
off,D,21,5,70,10,1,60,3172.6833333333334,13.495960719559,3200
off,D,22,10,70,10,1,60,6319.533333333334,17.03566326784836,6200
off,D,23,20,70,10,1,60,12597.5,23.71637375698045,13000
off,D,24,30,70,10,1,60,18823.733333333334,31.552206461356032,19000
off,D,25,40,70,7,1,60,25082.383333333335,42.79355970650314,25000
off,D,26,49,70,7,1,60,30634,46.73156302811674,31000
off,A,1,49,10,0,1000,60,15189,39.24320085771957,18500
off,A,2,49,15,0,1000,60,17367.916666666668,34.02036023539638,25500
off,A,3,49,20,1,1000,60,18170.866666666665,29.031830054422187,27300
off,A,4,49,30,2,1000,60,18691.866666666665,21.305266671583095,29500
off,A,5,49,40,3,1000,60,18908.933333333334,17.601952682295085,30500
off,A,6,49,50,5,1000,60,19003.366666666665,17.132995336198725,30500
off,A,7,49,60,6,1000,60,19027.45,14.231548168658117,31000
off,A,8,49,70,7,1000,60,18939.416666666668,16.749286040381648,31000
off,B,9,5,20,7,1000,60,1952.2333333333333,3.6802547402209838,3000
off,B,10,10,20,5,1000,60,3882.766666666667,7.244454987110048,5600
off,B,11,20,20,3,1000,60,7664,13.090083364359284,11800
off,B,12,30,20,2,1000,60,11375.9,17.268218087926833,17500
off,B,13,40,20,1,1000,60,14931.033333333333,24.2602761343881,23000
off,B,14,49,20,1,1000,60,18131.966666666667,28.46997592535349,27300
off,C,15,5,6,0,1000,60,1858.3833333333334,8.510315829503085,3000
off,C,16,10,9,0,1000,60,3737.8333333333335,12.71142478838069,5800
off,C,17,20,13,0,1000,60,7428.1,17.521168794695274,11800
off,C,18,30,16,0,1000,60,11113.666666666666,24.143856369201835,17600
off,C,19,40,18,0,1000,60,14787.333333333334,23.915182831585735,23000
off,C,20,49,20,0,1000,60,18132.033333333333,31.177639084890977,27600
off,D,21,5,70,10,1000,60,1944.0833333333333,4.201243538442302,3200
off,D,22,10,70,10,1000,60,3866.233333333333,7.504024030334277,6200
off,D,23,20,70,10,1000,60,7736.516666666666,10.261867641676726,13000
off,D,24,30,70,10,1000,60,11624.116666666667,12.335450077935358,19000
off,D,25,40,70,7,1000,60,15444.1,17.169077774837472,25000
off,D,26,49,70,7,1000,60,18933.5,16.91650315804201,31000
