Spacing,Group,Scenario,PreyNumber,PreyPatchSize,PreySpacing,RegenerationTime,Tactic,Runs,MeanCaptured,RelativeEfficiency,Lower,Upper,PaperRelativeEfficiency
enforced,A,1,49,10,0,1,extensive-intensive,60,27902.333333333332,1.4391288239243327,1.4225644702018723,1.4556931776467932,1.44
enforced,A,1,49,10,0,1,extensive-only,60,19202.916666666668,0.9904358373284302,0.9798633067478353,1.0010083679090251,1
enforced,A,1,49,10,0,1,local-density (r = 2.25),60,26545.316666666666,1.3691374803253844,1.3549408612437566,1.3833340994070122,NA
enforced,A,1,49,10,0,1,local-density (r = 4.5),60,28472.766666666666,1.468550272027618,1.452743274397165,1.484357269658071,1.27
enforced,A,1,49,10,0,1,local-density (r = 9),60,29481.466666666667,1.5205763598587125,1.5046125472371037,1.5365401724803214,1.33
enforced,A,2,49,15,0,1,extensive-intensive,60,35625,1.4250028500057,1.4099035251633247,1.4401021748480751,1.41
enforced,A,2,49,15,0,1,extensive-only,60,25043.066666666666,1.0017246701160067,0.9912510229820644,1.0121983172499491,1.005
enforced,A,2,49,15,0,1,local-density (r = 2.25),60,34575.98333333333,1.383042099417532,1.3690383074137666,1.3970458914212975,NA
enforced,A,2,49,15,0,1,local-density (r = 4.5),60,36669.23333333333,1.4667722668778669,1.4509416215976738,1.48260291215806,1.32
enforced,A,2,49,15,0,1,local-density (r = 9),60,37710.7,1.5084310168620336,1.4933626945198792,1.523499339204188,1.38
enforced,A,3,49,20,1,1,extensive-intensive,60,41465.35,1.3871365759609626,1.3803614481861441,1.393911703735781,1.34
enforced,A,3,49,20,1,1,extensive-only,60,29893.816666666666,1.0000351255543425,0.994650710965633,1.0054195401430521,1
enforced,A,3,49,20,1,1,local-density (r = 2.25),60,39647.86666666667,1.326336471587887,1.318752139437276,1.3339208037384978,NA
enforced,A,3,49,20,1,1,local-density (r = 4.5),60,43477.48333333333,1.4544482890509742,1.4480750063861687,1.4608215717157798,1.3
enforced,A,3,49,20,1,1,local-density (r = 9),60,43565.683333333334,1.457398835615751,1.4508816747796924,1.4639159964518096,1.38
enforced,A,4,49,30,2,1,extensive-intensive,60,38879.21666666667,1.2354924167794776,1.2312627216987866,1.2397221118601687,1.22
enforced,A,4,49,30,2,1,extensive-only,60,31408.9,0.9981028707981926,0.9959459201378597,1.0002598214585254,1
enforced,A,4,49,30,2,1,local-density (r = 2.25),60,37477.9,1.1909617841276703,1.1870530493467262,1.1948705189086144,NA
enforced,A,4,49,30,2,1,local-density (r = 4.5),60,43198.433333333334,1.3727472252764132,1.3690216175428378,1.3764728330099887,1.16
enforced,A,4,49,30,2,1,local-density (r = 9),60,42994.98333333333,1.3662820504672382,1.362413400814169,1.3701507001203073,1.32
enforced,A,5,49,40,3,1,extensive-intensive,60,35438.26666666667,1.1280390079519393,1.124201932337874,1.1318760835660047,1.13
enforced,A,5,49,40,3,1,extensive-only,60,31377.816666666666,0.9987904182022962,0.9967373426807238,1.0008434937238686,0.995
enforced,A,5,49,40,3,1,local-density (r = 2.25),60,35045.3,1.1155304467123515,1.1130579857315774,1.1180029076931255,NA
enforced,A,5,49,40,3,1,local-density (r = 4.5),60,40163.23333333333,1.2784398941297614,1.2749722649071231,1.2819075233523998,1.12
enforced,A,5,49,40,3,1,local-density (r = 9),60,40205.51666666667,1.2797858191388733,1.2759578319136542,1.2836138063640925,1.23
enforced,A,6,49,50,5,1,extensive-intensive,60,32931.583333333336,1.0477099216402834,1.0454842848828936,1.0499355583976733,1.08
enforced,A,6,49,50,5,1,extensive-only,60,31427.5,0.9998578941396179,0.9977758830071675,1.0019399052720683,1.01
enforced,A,6,49,50,5,1,local-density (r = 2.25),60,33434.28333333333,1.0637031938822366,1.0615806432302035,1.0658257445342696,NA
enforced,A,6,49,50,5,1,local-density (r = 4.5),60,36725.61666666667,1.1684161241368924,1.166000125396363,1.1708321228774219,1.08
enforced,A,6,49,50,5,1,local-density (r = 9),60,36858.48333333333,1.1726432432375107,1.1696249809413901,1.1756615055336312,1.16
enforced,A,7,49,60,6,1,extensive-intensive,60,31942.216666666667,1.0174084533959038,1.015363364858194,1.0194535419336137,1.04
enforced,A,7,49,60,6,1,extensive-only,60,31431.05,1.0011270132820878,0.999189027981559,1.0030649985826166,1
enforced,A,7,49,60,6,1,local-density (r = 2.25),60,32935.88333333333,1.0490582564472803,1.0472052179923252,1.0509112949022354,NA
enforced,A,7,49,60,6,1,local-density (r = 4.5),60,34776.6,1.107687897480544,1.1053638598055124,1.1100119351555755,1.05
enforced,A,7,49,60,6,1,local-density (r = 9),60,33705.333333333336,1.073566415747396,1.0703983881710877,1.0767344433237045,1.1
enforced,A,8,49,70,7,1,extensive-intensive,60,31267.2,1.0109194683818237,1.0074643350476975,1.0143746017159498,1.02
enforced,A,8,49,70,7,1,extensive-only,60,30857.433333333334,0.9976710450875325,0.9942460078355534,1.0010960823395116,0.99
enforced,A,8,49,70,7,1,local-density (r = 2.25),60,32386.366666666665,1.0471039483383697,1.0435504848872814,1.050657411789458,NA
enforced,A,8,49,70,7,1,local-density (r = 4.5),60,33838.2,1.0940440830965938,1.0903361225277355,1.0977520436654522,1.03
enforced,A,8,49,70,7,1,local-density (r = 9),60,31607.066666666666,1.0219079109026559,1.0178989178615012,1.0259169039438105,1.09
enforced,B,9,5,20,7,1,extensive-intensive,60,3405.366666666667,1.0621910074392154,1.0554541101977533,1.0689279046806774,1.1
enforced,B,9,5,20,7,1,extensive-only,60,3197.8,0.9974474810120662,0.9917986301892089,1.0030963318349235,1.02
enforced,B,9,5,20,7,1,local-density (r = 2.25),60,3467.7833333333333,1.0816598131618484,1.0755974063160711,1.0877222200076258,NA
enforced,B,9,5,20,7,1,local-density (r = 4.5),60,4221.2,1.3166631142811098,1.3086598093819282,1.3246664191802915,NA
enforced,B,9,5,20,7,1,local-density (r = 9),60,4692.033333333334,1.463523931814992,1.4543590989780955,1.4726887646518885,1.48
enforced,B,10,10,20,5,1,extensive-intensive,60,7059.816666666667,1.1020861085671467,1.0966885125425967,1.1074837045916968,1.12
enforced,B,10,10,20,5,1,extensive-only,60,6422.733333333334,1.0026330030805095,0.9980469127285666,1.0072190934324523,1.005
enforced,B,10,10,20,5,1,local-density (r = 2.25),60,7086.45,1.1062437557239198,1.1010464112303546,1.1114411002174849,NA
enforced,B,10,10,20,5,1,local-density (r = 4.5),60,8754.566666666668,1.3666482807426528,1.3599610645584486,1.373335496926857,NA
enforced,B,10,10,20,5,1,local-density (r = 9),60,9269.133333333333,1.4469756889517942,1.4398439088654338,1.4541074690381546,1.47
enforced,B,11,20,20,3,1,extensive-intensive,60,15379.8,1.2007791893463944,1.195884329277986,1.2056740494148028,1.2
enforced,B,11,20,20,3,1,extensive-only,60,12836.416666666666,1.0022043198944426,0.9988651867736927,1.0055434530151925,1.005
enforced,B,11,20,20,3,1,local-density (r = 2.25),60,15136.466666666667,1.181780918709523,1.1772389619876968,1.186322875431349,NA
enforced,B,11,20,20,3,1,local-density (r = 4.5),60,18362.316666666666,1.433639431040832,1.4286335507567887,1.4386453113248754,NA
enforced,B,11,20,20,3,1,local-density (r = 9),60,18683.033333333333,1.4586794119905113,1.4539096022839133,1.4634492216971093,1.42
enforced,B,12,30,20,2,1,extensive-intensive,60,24618.316666666666,1.2802436200124114,1.275872756877294,1.2846144831475288,1.27
enforced,B,12,30,20,2,1,extensive-only,60,19224.45,0.999742581671815,0.9969970755876795,1.0024880877559503,1.005
enforced,B,12,30,20,2,1,local-density (r = 2.25),60,23833.033333333333,1.2394059790390408,1.2348968571046788,1.2439151009734029,NA
enforced,B,12,30,20,2,1,local-density (r = 4.5),60,27833.616666666665,1.4474511251867799,1.4432558964843842,1.4516463538891755,NA
enforced,B,12,30,20,2,1,local-density (r = 9),60,27860.25,1.448836157134388,1.4448651873364404,1.4528071269323355,1.4
enforced,B,13,40,20,1,1,extensive-intensive,60,33072.683333333334,1.3382454100598324,1.3308866041909462,1.3456042159287187,1.3
enforced,B,13,40,20,1,1,extensive-only,60,24710.833333333332,0.9998934454089807,0.9950572989104978,1.0047295919074637,1
enforced,B,13,40,20,1,1,local-density (r = 2.25),60,31954.966666666667,1.293018381341347,1.2861009456223311,1.2999358170603628,NA
enforced,B,13,40,20,1,1,local-density (r = 4.5),60,35879.416666666664,1.4518164185788045,1.4439847463600592,1.4596480907975498,NA
enforced,B,13,40,20,1,1,local-density (r = 9),60,35993.65,1.4564387297613717,1.4492419042942817,1.4636355552284617,1.4
enforced,B,14,49,20,1,1,extensive-intensive,60,41487.1,1.3810849048752476,1.3742155359064314,1.3879542738440638,1.34
enforced,B,14,49,20,1,1,extensive-only,60,29818.783333333333,0.9926524520492462,0.9877923971181015,0.997512506980391,1
enforced,B,14,49,20,1,1,local-density (r = 2.25),60,39651.11666666667,1.3199659337427943,1.313491805587648,1.3264400618979404,NA
enforced,B,14,49,20,1,1,local-density (r = 4.5),60,43502.816666666666,1.4481871091951153,1.441420327471969,1.4549538909182615,NA
enforced,B,14,49,20,1,1,local-density (r = 9),60,43531.05,1.4491269828059723,1.4427702466687808,1.4554837189431638,1.38
enforced,C,15,5,6,0,1,extensive-intensive,60,3218.9166666666665,1.1194998811725085,1.0895362816147003,1.1494634807303168,1.12
enforced,C,15,5,6,0,1,extensive-only,60,2939.233333333333,1.0222294355983979,0.9966867504622108,1.047772120734585,0.995
enforced,C,15,5,6,0,1,local-density (r = 2.25),60,3406.9333333333334,1.1848897802560878,1.1520495484684021,1.2177300120437735,NA
enforced,C,15,5,6,0,1,local-density (r = 4.5),60,4001.75,1.3917597482016473,1.3541922121671561,1.4293272842361384,NA
enforced,C,15,5,6,0,1,local-density (r = 9),60,4547.45,1.5815475396912804,1.5359746918559638,1.627120387526597,1.47
enforced,C,16,10,9,0,1,extensive-intensive,60,6807.866666666667,1.1897323574043708,1.1649884060417584,1.2144763087669832,1.19
enforced,C,16,10,9,0,1,extensive-only,60,5670.033333333334,0.9908863458295348,0.9711622349697784,1.0106104566892913,1.005
enforced,C,16,10,9,0,1,local-density (r = 2.25),60,7197.833333333333,1.2578823351226658,1.2342493230408693,1.2815153472044623,NA
enforced,C,16,10,9,0,1,local-density (r = 4.5),60,8290.983333333334,1.4489195557639711,1.4198049820875533,1.478034129440389,NA
enforced,C,16,10,9,0,1,local-density (r = 9),60,8899.4,1.5552455210860656,1.5272496058937113,1.58324143627842,1.46
enforced,C,17,20,13,0,1,extensive-intensive,60,14641.05,1.2896232702759043,1.2727707922487548,1.3064757483030538,1.27
enforced,C,17,20,13,0,1,extensive-only,60,11375.216666666667,1.0019598401592535,0.9889114731542966,1.0150082071642106,1
enforced,C,17,20,13,0,1,local-density (r = 2.25),60,14684.966666666667,1.2934915690172026,1.2746440425713852,1.31233909546302,NA
enforced,C,17,20,13,0,1,local-density (r = 4.5),60,16737.066666666666,1.474246085457839,1.4548280901334238,1.493664080782254,NA
enforced,C,17,20,13,0,1,local-density (r = 9),60,17167.716666666667,1.512178901843571,1.4914176560256687,1.5329401476614732,1.42
enforced,C,18,30,16,0,1,extensive-intensive,60,22609.416666666668,1.3336004010931755,1.316204631351382,1.350996170834969,1.31
enforced,C,18,30,16,0,1,extensive-only,60,17016.916666666668,1.0037307563752187,0.9928450693855811,1.0146164433648561,1
enforced,C,18,30,16,0,1,local-density (r = 2.25),60,22111.833333333332,1.3042508012032794,1.2870654262870298,1.321436176119529,NA
enforced,C,18,30,16,0,1,local-density (r = 4.5),60,24913.283333333333,1.4694923418729477,1.4534070740055653,1.4855776097403302,NA
enforced,C,18,30,16,0,1,local-density (r = 9),60,25494.016666666666,1.5037464855193565,1.4877181532966492,1.5197748177420638,1.4
enforced,C,19,40,18,0,1,extensive-intensive,60,30530.216666666667,1.360878331594916,1.346009097238015,1.375747565951817,1.33
enforced,C,19,40,18,0,1,extensive-only,60,22545.633333333335,1.0049671186551485,0.994751937424311,1.015182299885986,1
enforced,C,19,40,18,0,1,local-density (r = 2.25),60,29510.433333333334,1.3154216924754765,1.3024043989808902,1.3284389859700627,NA
enforced,C,19,40,18,0,1,local-density (r = 4.5),60,32963.933333333334,1.4693607676375058,1.4541592501910532,1.4845622850839584,NA
enforced,C,19,40,18,0,1,local-density (r = 9),60,32963.566666666666,1.4693444235438156,1.4549292804784502,1.483759566609181,1.4
enforced,C,20,49,20,0,1,extensive-intensive,60,37599.333333333336,1.364571443779688,1.34959693481829,1.3795459527410863,1.34
enforced,C,20,49,20,0,1,extensive-only,60,27605.383333333335,1.001866641020011,0.9920578230772223,1.0116754589627996,1
enforced,C,20,49,20,0,1,local-density (r = 2.25),60,35981.066666666666,1.3058406024060676,1.2920771968150295,1.3196040079971056,NA
enforced,C,20,49,20,0,1,local-density (r = 4.5),60,39921.98333333333,1.4488660730433687,1.4353369467672994,1.462395199319438,NA
enforced,C,20,49,20,0,1,local-density (r = 9),60,39959.26666666667,1.4502191760769934,1.4360574888851285,1.4643808632688582,1.38
enforced,D,21,5,70,10,1,extensive-intensive,60,3308.766666666667,1.044791200694682,1.0336736117801033,1.0559087896092607,1.03
enforced,D,21,5,70,10,1,extensive-only,60,3153.9,0.9958897981738285,0.9844164985585078,1.0073630977891492,0.995
enforced,D,21,5,70,10,1,local-density (r = 2.25),60,3437.4333333333334,1.0854195721390418,1.073681771980725,1.0971573722973587,NA
enforced,D,21,5,70,10,1,local-density (r = 4.5),60,4017.0833333333335,1.268452490592848,1.2550638340326528,1.2818411471530433,NA
enforced,D,21,5,70,10,1,local-density (r = 9),60,4387.783333333334,1.3855064073888905,1.3701345822986286,1.4008782324791524,1.25
enforced,D,22,10,70,10,1,extensive-intensive,60,6535,1.0348731943824938,1.0271899117872176,1.04255647697777,1.04
enforced,D,22,10,70,10,1,extensive-only,60,6314.783333333334,1,0.9921683490426563,1.0078316509573437,0.997
enforced,D,22,10,70,10,1,local-density (r = 2.25),60,6796.45,1.0762760400858302,1.0679841393254597,1.0845679408462008,NA
enforced,D,22,10,70,10,1,local-density (r = 4.5),60,7821.65,1.2386252365480999,1.2290395569135446,1.2482109161826551,NA
enforced,D,22,10,70,10,1,local-density (r = 9),60,8048.95,1.2746201374024444,1.265386363761154,1.2838539110437348,1.29
enforced,D,23,20,70,10,1,extensive-intensive,60,12898.283333333333,1.0242829726689167,1.0195942955276587,1.0289716498101746,1.03
enforced,D,23,20,70,10,1,extensive-only,60,12626.216666666667,1.0026775196876447,0.9982115630398282,1.0071434763354614,0.993
enforced,D,23,20,70,10,1,local-density (r = 2.25),60,13457.066666666668,1.0686572695387466,1.0639000782601895,1.0734144608173037,NA
enforced,D,23,20,70,10,1,local-density (r = 4.5),60,14959.566666666668,1.1879743233406128,1.182251008781302,1.1936976378999236,NA
enforced,D,23,20,70,10,1,local-density (r = 9),60,12940.95,1.0276712328767124,1.022486225961639,1.0328562397917858,1.17
enforced,D,24,30,70,10,1,extensive-intensive,60,19113.683333333334,1.0140189890765947,1.008793028029315,1.0192449501238745,1.035
enforced,D,24,30,70,10,1,extensive-only,60,18814.766666666666,0.9981608642523293,0.9930392613871643,1.0032824671174942,1
enforced,D,24,30,70,10,1,local-density (r = 2.25),60,19924.733333333334,1.0570468077731778,1.0520088049618959,1.0620848105844598,NA
enforced,D,24,30,70,10,1,local-density (r = 4.5),60,21457.75,1.1383763968147582,1.132866131447209,1.1438866621823074,NA
enforced,D,24,30,70,10,1,local-density (r = 9),60,18814.616666666665,0.9981529064534211,0.9929538923618626,1.0033519205449797,1.155
enforced,D,25,40,70,7,1,extensive-intensive,60,25709.566666666666,1.0155200892166485,1.0120214925949012,1.0190186858383958,1.035
enforced,D,25,40,70,7,1,extensive-only,60,25296.866666666665,0.999218564330852,0.9959085069179994,1.0025286217437046,1
enforced,D,25,40,70,7,1,local-density (r = 2.25),60,26615.883333333335,1.0513193227908642,1.0481146717813519,1.0545239738003764,NA
enforced,D,25,40,70,7,1,local-density (r = 4.5),60,28281.716666666667,1.117119234443209,1.1131582418070973,1.1210802270793208,NA
enforced,D,25,40,70,7,1,local-density (r = 9),60,25934.533333333333,1.0244062043490483,1.019851880430806,1.0289605282672905,1.13
enforced,D,26,49,70,7,1,extensive-intensive,60,31164.533333333333,1.010010046776929,1.0066202566265061,1.013399836927352,1.03
enforced,D,26,49,70,7,1,extensive-only,60,30888.483333333334,1.0010635539663162,0.9978597916671886,1.0042673162654439,0.997
enforced,D,26,49,70,7,1,local-density (r = 2.25),60,32366.433333333334,1.0489623731999524,1.0455318321889295,1.0523929142109754,NA
enforced,D,26,49,70,7,1,local-density (r = 4.5),60,33750.55,1.0938201518899824,1.0901752030833867,1.097465100696578,NA
enforced,D,26,49,70,7,1,local-density (r = 9),60,31460.283333333333,1.0195949960569102,1.0157621643735475,1.0234278277402729,1.1
enforced,A,1,49,10,0,1000,extensive-intensive,60,18713.316666666666,1.2320308556630895,1.2244980480575784,1.2395636632686005,1.44
enforced,A,1,49,10,0,1000,extensive-only,60,15055.4,0.9912041609059188,0.9842956138830741,0.9981127079287635,1
enforced,A,1,49,10,0,1000,local-density (r = 2.25),60,18448.283333333333,1.2145818245660236,1.2067398442782284,1.2224238048538187,NA
enforced,A,1,49,10,0,1000,local-density (r = 4.5),60,19658.666666666668,1.2942699760791803,1.2857094415009072,1.3028305106574534,1.27
enforced,A,1,49,10,0,1000,local-density (r = 9),60,20118.766666666666,1.3245616345162068,1.3164602195726791,1.3326630494597345,1.33
enforced,A,2,49,15,0,1000,extensive-intensive,60,20223.25,1.1644027541203847,1.1584504086129006,1.1703550996278689,1.41
enforced,A,2,49,15,0,1000,extensive-only,60,17202.15,0.9904555814120864,0.9850391864023849,0.995871976421788,1.005
enforced,A,2,49,15,0,1000,local-density (r = 2.25),60,20127.116666666665,1.1588676438835974,1.1525189729427772,1.1652163148244177,NA
enforced,A,2,49,15,0,1000,local-density (r = 4.5),60,21527.9,1.2395211477100976,1.2332723013658768,1.2457699940543183,1.32
enforced,A,2,49,15,0,1000,local-density (r = 9),60,21855.233333333334,1.258368159681405,1.252113840151707,1.264622479211103,1.38
enforced,A,3,49,20,1,1000,extensive-intensive,60,21093.15,1.1221053844858009,1.119277967470674,1.1249328015009277,1.34
enforced,A,3,49,20,1,1000,extensive-only,60,18616.216666666667,0.9903384255277649,0.9878332919252283,0.9928435591303014,1
enforced,A,3,49,20,1,1000,local-density (r = 2.25),60,20952.55,1.1146257990725883,1.111944323327697,1.1173072748174795,NA
enforced,A,3,49,20,1,1000,local-density (r = 4.5),60,22669.566666666666,1.2059669997428781,1.2031936193517896,1.2087403801339667,1.3
enforced,A,3,49,20,1,1000,local-density (r = 9),60,22761.633333333335,1.2108647273178648,1.2079847631145575,1.213744691521172,1.38
enforced,A,4,49,30,2,1000,extensive-intensive,60,20394.316666666666,1.0640624076077314,1.0621508968060327,1.0659739184094301,1.22
enforced,A,4,49,30,2,1000,extensive-only,60,18957.583333333332,0.9891016254082651,0.9874906956599495,0.9907125551565806,1
enforced,A,4,49,30,2,1000,local-density (r = 2.25),60,20438.55,1.0663702577766028,1.0645912916772013,1.0681492238760042,NA
enforced,A,4,49,30,2,1000,local-density (r = 4.5),60,22250.216666666667,1.1608929832311294,1.1591586149848372,1.1626273514774217,1.16
enforced,A,4,49,30,2,1000,local-density (r = 9),60,22310.2,1.164022581105194,1.162236819931057,1.165808342279331,1.32
enforced,A,5,49,40,3,1000,extensive-intensive,60,19594.883333333335,1.023727777521392,1.0216190584436144,1.0258364965991695,1.13
enforced,A,5,49,40,3,1000,extensive-only,60,18927.55,0.9888631825872072,0.9872535432275622,0.9904728219468522,0.995
enforced,A,5,49,40,3,1000,local-density (r = 2.25),60,20035.5,1.0467476400657239,1.0449406367914,1.0485546433400477,NA
enforced,A,5,49,40,3,1000,local-density (r = 4.5),60,21624.433333333334,1.129760902369556,1.127749923366273,1.131771881372839,1.12
enforced,A,5,49,40,3,1000,local-density (r = 9),60,21436.166666666668,1.119924976685826,1.117716362384435,1.1221335909872168,1.23
enforced,A,6,49,50,5,1000,extensive-intensive,60,18987.933333333334,0.9925122248057491,0.9912646198955365,0.9937598297159617,1.08
enforced,A,6,49,50,5,1000,extensive-only,60,18925.533333333333,0.9892505342499287,0.9878535331047757,0.9906475353950817,1.01
enforced,A,6,49,50,5,1000,local-density (r = 2.25),60,19685.416666666668,1.028970154311765,1.0275736646986597,1.0303666439248704,NA
enforced,A,6,49,50,5,1000,local-density (r = 4.5),60,21042.2,1.0998901444500297,1.098475455448473,1.1013048334515865,1.08
enforced,A,6,49,50,5,1000,local-density (r = 9),60,20380.766666666666,1.0653165730295477,1.0635630874324467,1.0670700586266488,1.16
enforced,A,7,49,60,6,1000,extensive-intensive,60,18699.6,0.9765866608638885,0.9752236662666625,0.9779496554611145,1.04
enforced,A,7,49,60,6,1000,extensive-only,60,18887.033333333333,0.9863753672070503,0.9850687371246298,0.9876819972894708,1
enforced,A,7,49,60,6,1000,local-density (r = 2.25),60,19545.166666666668,1.0207463823305407,1.019511484034538,1.0219812806265434,NA
enforced,A,7,49,60,6,1000,local-density (r = 4.5),60,20658.216666666667,1.078875421608095,1.0774137564146933,1.0803370868014965,1.05
enforced,A,7,49,60,6,1000,local-density (r = 9),60,19600.983333333334,1.0236614078990316,1.022187350229909,1.0251354655681542,1.1
enforced,A,8,49,70,7,1000,extensive-intensive,60,18370.483333333334,0.9707462712857075,0.9687666387300066,0.9727259038414083,1.02
enforced,A,8,49,70,7,1000,extensive-only,60,18632.033333333333,0.9845672841925412,0.9824570161237709,0.9866775522613116,0.99
enforced,A,8,49,70,7,1000,local-density (r = 2.25),60,19291.266666666666,1.0194029653571948,1.0171362890118745,1.021669641702515,NA
enforced,A,8,49,70,7,1000,local-density (r = 4.5),60,20353.966666666667,1.0755589218324093,1.073386089508939,1.0777317541558795,1.03
enforced,A,8,49,70,7,1000,local-density (r = 9),60,18875.083333333332,0.9974107068153896,0.9948825871634415,0.9999388264673377,1.09
enforced,B,9,5,20,7,1000,extensive-intensive,60,1956.5333333333333,1.0019630938358852,0.9973097221866262,1.0066164654851444,1.1
enforced,B,9,5,20,7,1000,extensive-only,60,1939.8,0.9933937624827162,0.9885557211706809,0.9982318037947514,1.02
enforced,B,9,5,20,7,1000,local-density (r = 2.25),60,2026.5666666666666,1.0378279646984516,1.0327369205146197,1.0429190088822835,NA
enforced,B,9,5,20,7,1000,local-density (r = 4.5),60,2241.05,1.1476673324115327,1.141934548554066,1.1534001162689995,NA
enforced,B,9,5,20,7,1000,local-density (r = 9),60,2393.233333333333,1.2256021576961813,1.2199529031768532,1.2312514122155094,1.48
enforced,B,10,10,20,5,1000,extensive-intensive,60,3956.15,1.0120489633031042,1.0087339715308479,1.0153639550753606,1.12
enforced,B,10,10,20,5,1000,extensive-only,60,3864.9,0.9887056957572812,0.9853679678694074,0.992043423645155,1.005
enforced,B,10,10,20,5,1000,local-density (r = 2.25),60,4077.5833333333335,1.0431136294837193,1.039560623348809,1.0466666356186296,NA
enforced,B,10,10,20,5,1000,local-density (r = 4.5),60,4541.483333333334,1.1617869644372247,1.1580247171651048,1.1655492117093447,NA
enforced,B,10,10,20,5,1000,local-density (r = 9),60,4745.166666666667,1.2138925484879106,1.2105031612575161,1.2172819357183051,1.47
enforced,B,11,20,20,3,1000,extensive-intensive,60,8192.216666666667,1.04700669911495,1.0443152665207294,1.0496981317091707,1.2
enforced,B,11,20,20,3,1000,extensive-only,60,7748.916666666667,0.9903507183709116,0.9876912178359387,0.9930102189058845,1.005
enforced,B,11,20,20,3,1000,local-density (r = 2.25),60,8339.183333333332,1.0657897819858775,1.0629675307474094,1.0686120332243456,NA
enforced,B,11,20,20,3,1000,local-density (r = 4.5),60,9246.233333333334,1.181715356842363,1.1790819388316387,1.1843487748530874,NA
enforced,B,11,20,20,3,1000,local-density (r = 9),60,9387.183333333332,1.1997294793009061,1.1968679956394634,1.2025909629623488,1.42
enforced,B,12,30,20,2,1000,extensive-intensive,60,12637.233333333334,1.07747465589714,1.075061832151641,1.079887479642639,1.27
enforced,B,12,30,20,2,1000,extensive-only,60,11607.583333333334,0.9896847298760576,0.9876500570800862,0.991719402672029,1.005
enforced,B,12,30,20,2,1000,local-density (r = 2.25),60,12716.233333333334,1.0842103468170308,1.0819967920062887,1.0864239016277728,NA
enforced,B,12,30,20,2,1000,local-density (r = 4.5),60,13967.516666666666,1.1908971542416378,1.188583616641566,1.1932106918417096,NA
enforced,B,12,30,20,2,1000,local-density (r = 9),60,14160.35,1.2073384926262658,1.2048191310014427,1.209857854251089,1.4
enforced,B,13,40,20,1,1000,extensive-intensive,60,17009.383333333335,1.1048270546295405,1.1018507279417507,1.1078033813173302,1.3
enforced,B,13,40,20,1,1000,extensive-only,60,15254.133333333333,0.9908165905442169,0.9883062105790809,0.9933269705093529,1
enforced,B,13,40,20,1,1000,local-density (r = 2.25),60,16987.383333333335,1.1033980671862265,1.1003037826812068,1.1064923516912462,NA
enforced,B,13,40,20,1,1000,local-density (r = 4.5),60,18469.7,1.1996804264444954,1.1968060378368826,1.2025548150521082,NA
enforced,B,13,40,20,1,1000,local-density (r = 9),60,18629.183333333334,1.2100395028422777,1.2070722713613584,1.213006734323197,1.4
enforced,B,14,49,20,1,1000,extensive-intensive,60,21142.983333333334,1.123989048766657,1.1214636070494193,1.1265144904838948,1.34
enforced,B,14,49,20,1,1000,extensive-only,60,18620.333333333332,0.989881627445421,0.9875284113221097,0.9922348435687323,1
enforced,B,14,49,20,1,1000,local-density (r = 2.25),60,20956.366666666665,1.114068259143748,1.1114761770117245,1.1166603412757716,NA
enforced,B,14,49,20,1,1000,local-density (r = 4.5),60,22668.233333333334,1.2050733626311312,1.2025187984086645,1.2076279268535979,NA
enforced,B,14,49,20,1,1000,local-density (r = 9),60,22762.766666666666,1.2100988800680463,1.207391911095525,1.2128058490405678,1.38
enforced,C,15,5,6,0,1000,extensive-intensive,60,1931.1166666666666,1.039137960413621,1.027030881941544,1.0512450388856982,1.12
enforced,C,15,5,6,0,1000,extensive-only,60,1858.3333333333333,0.9999730948943076,0.9875259741892347,1.0124202155993804,0.995
enforced,C,15,5,6,0,1000,local-density (r = 2.25),60,2001.5333333333333,1.077029317596836,1.0642706983991659,1.089787936794506,NA
enforced,C,15,5,6,0,1000,local-density (r = 4.5),60,2210,1.1892056715962798,1.1761240638736916,1.202287279318868,NA
enforced,C,15,5,6,0,1000,local-density (r = 9),60,2369.6,1.2750867689658574,1.2610760386854758,1.289097499246239,1.47
enforced,C,16,10,9,0,1000,extensive-intensive,60,3945.4166666666665,1.0555357381727382,1.0455088625634652,1.0655626137820111,1.19
enforced,C,16,10,9,0,1000,extensive-only,60,3688.35,0.9867614928434476,0.9767959936071865,0.9967269920797087,1.005
enforced,C,16,10,9,0,1000,local-density (r = 2.25),60,4082.133333333333,1.092112186204129,1.0829995331028315,1.1012248393054265,NA
enforced,C,16,10,9,0,1000,local-density (r = 4.5),60,4497.9,1.2033441833504257,1.1936497298485707,1.2130386368522807,NA
enforced,C,16,10,9,0,1000,local-density (r = 9),60,4709.333333333333,1.259909929995095,1.249703806184382,1.2701160538058083,1.46
enforced,C,17,20,13,0,1000,extensive-intensive,60,8112.783333333334,1.092174759808475,1.0852174127146565,1.0991321069022935,1.27
enforced,C,17,20,13,0,1000,extensive-only,60,7381.416666666667,0.9937153062918737,0.9870871738913667,1.0003434386923806,1
enforced,C,17,20,13,0,1000,local-density (r = 2.25),60,8279.983333333334,1.1146838805796009,1.1073753970788893,1.1219923640803124,NA
enforced,C,17,20,13,0,1000,local-density (r = 4.5),60,9052.333333333334,1.218660671414404,1.2117630257040697,1.2255583171247382,NA
enforced,C,17,20,13,0,1000,local-density (r = 9),60,9291.583333333334,1.2508694462020347,1.243790595819087,1.2579482965849824,1.42
enforced,C,18,30,16,0,1000,extensive-intensive,60,12346.916666666666,1.1109669775951532,1.1053096527023156,1.1166243024879907,1.31
enforced,C,18,30,16,0,1000,extensive-only,60,10997.666666666666,0.989562400647851,0.9835443633304835,0.9955804379652184,1
enforced,C,18,30,16,0,1000,local-density (r = 2.25),60,12457.35,1.1209036921508053,1.1149673739710229,1.1268400103305878,NA
enforced,C,18,30,16,0,1000,local-density (r = 4.5),60,13598.483333333334,1.2235820761224918,1.2174646842370638,1.2296994680079198,NA
enforced,C,18,30,16,0,1000,local-density (r = 9),60,13823.85,1.243860412105216,1.2375112548986194,1.2502095693118125,1.4
enforced,C,19,40,18,0,1000,extensive-intensive,60,16591.883333333335,1.1220334971371895,1.116644948154051,1.127422046120328,1.33
enforced,C,19,40,18,0,1000,extensive-only,60,14662.383333333333,0.991550200622154,0.986984083675986,0.9961163175683221,1
enforced,C,19,40,18,0,1000,local-density (r = 2.25),60,16639.65,1.1252637392362834,1.120010896941828,1.1305165815307388,NA
enforced,C,19,40,18,0,1000,local-density (r = 4.5),60,18090.716666666667,1.2233927685857264,1.218453713759114,1.2283318234123388,NA
enforced,C,19,40,18,0,1000,local-density (r = 9),60,18228.216666666667,1.232691267300843,1.2276379029656703,1.2377446316360157,1.4
enforced,C,20,49,20,0,1000,extensive-intensive,60,20437.65,1.1271570939828408,1.1219298002323204,1.1323843877333613,1.34
enforced,C,20,49,20,0,1000,extensive-only,60,17944.733333333334,0.9896702153279372,0.9853127191311978,0.9940277115246766,1
enforced,C,20,49,20,0,1000,local-density (r = 2.25),60,20300.8,1.1196096778997024,1.1144360514996954,1.1247833042997095,NA
enforced,C,20,49,20,0,1000,local-density (r = 4.5),60,22045.116666666665,1.215810508473953,1.2105087882688041,1.2211122286791019,NA
enforced,C,20,49,20,0,1000,local-density (r = 9),60,22206.016666666666,1.2246843064116728,1.2193566543317345,1.2300119584916112,1.38
enforced,D,21,5,70,10,1000,extensive-intensive,60,1906.7,0.9862581468326495,0.9784830700394439,0.994033223625855,1.03
enforced,D,21,5,70,10,1000,extensive-only,60,1909.5666666666666,0.9877409565847098,0.9803529121778191,0.9951290009916006,0.995
enforced,D,21,5,70,10,1000,local-density (r = 2.25),60,1995.3166666666666,1.0320959343425635,1.0238977394131763,1.0402941292719508,NA
enforced,D,21,5,70,10,1000,local-density (r = 4.5),60,2194.8,1.1352805269147213,1.1268844931306288,1.1436765606988137,NA
enforced,D,21,5,70,10,1000,local-density (r = 9),60,2336.633333333333,1.2086451256939894,1.1998830472233817,1.2174072041645971,1.25
enforced,D,22,10,70,10,1000,extensive-intensive,60,3793.733333333333,0.9777789232679115,0.9722583014851303,0.9832995450506927,1.04
enforced,D,22,10,70,10,1000,extensive-only,60,3803.8333333333335,0.9803820495968592,0.9749346919932195,0.9858294072004988,0.997
enforced,D,22,10,70,10,1000,local-density (r = 2.25),60,3990.766666666667,1.0285613646223963,1.0228396986030956,1.034283030641697,NA
enforced,D,22,10,70,10,1000,local-density (r = 4.5),60,4345.8,1.1200659802317041,1.114217807570458,1.1259141528929502,NA
enforced,D,22,10,70,10,1000,local-density (r = 9),60,4545.316666666667,1.1714884641984218,1.1656069474659572,1.1773699809308864,1.29
enforced,D,23,20,70,10,1000,extensive-intensive,60,7528.75,0.9749635784816274,0.9712187807603294,0.9787083762029254,1.03
enforced,D,23,20,70,10,1000,extensive-only,60,7622.25,0.9870717099228403,0.9834374321218152,0.9907059877238654,0.993
enforced,D,23,20,70,10,1000,local-density (r = 2.25),60,7930.55,1.0269961689958453,1.0232584487187926,1.030733889272898,NA
enforced,D,23,20,70,10,1000,local-density (r = 4.5),60,8560.966666666667,1.1086343279555388,1.1048928384992016,1.112375817411876,NA
enforced,D,23,20,70,10,1000,local-density (r = 9),60,7737.6,1.0020093886580694,0.9980883682384817,1.0059304090776573,1.17
enforced,D,24,30,70,10,1000,extensive-intensive,60,11226.8,0.96978666674345,0.9669401242093705,0.9726332092775296,1.035
enforced,D,24,30,70,10,1000,extensive-only,60,11347.566666666668,0.9802186601093589,0.9769020454002598,0.9835352748184579,1
enforced,D,24,30,70,10,1000,local-density (r = 2.25),60,11799.266666666666,1.019237137090156,1.0158147532630484,1.0226595209172638,NA
enforced,D,24,30,70,10,1000,local-density (r = 4.5),60,12590.166666666666,1.087556183900235,1.0838650220542572,1.0912473457462128,NA
enforced,D,24,30,70,10,1000,local-density (r = 9),60,11577.05,1.0000417510085027,0.9966911917061133,1.0033923103108922,1.155
enforced,D,25,40,70,7,1000,extensive-intensive,60,15046.2,0.9739365713305521,0.9714313487704094,0.9764417938906949,1.035
enforced,D,25,40,70,7,1000,extensive-only,60,15201.883333333333,0.9840139125781746,0.9814442187580881,0.9865836063982611,1
enforced,D,25,40,70,7,1000,local-density (r = 2.25),60,15797.266666666666,1.0225529192572047,1.0197309854300725,1.025374853084337,NA
enforced,D,25,40,70,7,1000,local-density (r = 4.5),60,16774.716666666667,1.0858230008490384,1.0829981802786117,1.088647821419465,NA
enforced,D,25,40,70,7,1000,local-density (r = 9),60,15433.416666666666,0.9990010043897549,0.9962896149574983,1.0017123938220114,1.13
enforced,D,26,49,70,7,1000,extensive-intensive,60,18373.116666666665,0.9705016489214662,0.9685388802889995,0.9724644175539329,1.03
enforced,D,26,49,70,7,1000,extensive-only,60,18609.25,0.9829746437607735,0.980875922656016,0.985073364865531,0.997
enforced,D,26,49,70,7,1000,local-density (r = 2.25),60,19310.283333333333,1.0200045074628443,1.017712439120393,1.0222965758052955,NA
enforced,D,26,49,70,7,1000,local-density (r = 4.5),60,20347.55,1.0747948312078417,1.0724045939950195,1.0771850684206639,NA
enforced,D,26,49,70,7,1000,local-density (r = 9),60,18951.816666666666,1.0010696420616711,0.9985043522407918,1.0036349318825506,1.1
off,A,1,49,10,0,1,extensive-intensive,60,27902.333333333332,1.4391288239243327,1.4225644702018723,1.4556931776467932,1.44
off,A,1,49,10,0,1,extensive-only,60,19202.916666666668,0.9904358373284302,0.9798633067478353,1.0010083679090251,1
off,A,1,49,10,0,1,local-density (r = 2.25),60,26545.316666666666,1.3691374803253844,1.3549408612437566,1.3833340994070122,NA
off,A,1,49,10,0,1,local-density (r = 4.5),60,28472.766666666666,1.468550272027618,1.452743274397165,1.484357269658071,1.27
off,A,1,49,10,0,1,local-density (r = 9),60,29481.466666666667,1.5205763598587125,1.5046125472371037,1.5365401724803214,1.33
off,A,2,49,15,0,1,extensive-intensive,60,35625,1.4250028500057,1.4099035251633247,1.4401021748480751,1.41
off,A,2,49,15,0,1,extensive-only,60,25043.066666666666,1.0017246701160067,0.9912510229820644,1.0121983172499491,1.005
off,A,2,49,15,0,1,local-density (r = 2.25),60,34575.98333333333,1.383042099417532,1.3690383074137666,1.3970458914212975,NA
off,A,2,49,15,0,1,local-density (r = 4.5),60,36669.23333333333,1.4667722668778669,1.4509416215976738,1.48260291215806,1.32
off,A,2,49,15,0,1,local-density (r = 9),60,37710.7,1.5084310168620336,1.4933626945198792,1.523499339204188,1.38
off,A,3,49,20,1,1,extensive-intensive,60,37619.55,1.371772221827192,1.3566355610433203,1.3869088826110636,1.34
off,A,3,49,20,1,1,extensive-only,60,27630.766666666666,1.0075377876960794,0.9978098211590926,1.0172657542330663,1
off,A,3,49,20,1,1,local-density (r = 2.25),60,36243.96666666667,1.321612477612412,1.3073903191064709,1.3358346361183533,NA
off,A,3,49,20,1,1,local-density (r = 4.5),60,40232.3,1.4670444372731235,1.4534253022044696,1.4806635723417774,1.3
off,A,3,49,20,1,1,local-density (r = 9),60,40195.4,1.4656989029702032,1.451611470395312,1.4797863355450944,1.38
off,A,4,49,30,2,1,extensive-intensive,60,36605.5,1.2348860235391486,1.2241315355367464,1.2456405115415508,1.22
off,A,4,49,30,2,1,extensive-only,60,29586.383333333335,0.9980962223000627,0.9906049799754199,1.0055874646247056,1
off,A,4,49,30,2,1,local-density (r = 2.25),60,35627.53333333333,1.201894331903907,1.1935603819061322,1.2102282819016819,NA
off,A,4,49,30,2,1,local-density (r = 4.5),60,40744.75,1.3745235636064725,1.3638315703062602,1.3852155569066849,1.16
off,A,4,49,30,2,1,local-density (r = 9),60,40703.8,1.3731421159370258,1.363012899634561,1.3832713322394907,1.32
off,A,5,49,40,3,1,extensive-intensive,60,34679.11666666667,1.1406828702434704,1.132652973628699,1.1487127668582418,1.13
off,A,5,49,40,3,1,extensive-only,60,30375.033333333333,0.9991108060636229,0.9930860577357044,1.0051355543915415,0.995
off,A,5,49,40,3,1,local-density (r = 2.25),60,34592.666666666664,1.137839313555438,1.131233324347494,1.1444453027633823,NA
off,A,5,49,40,3,1,local-density (r = 4.5),60,39220.433333333334,1.2900581320129554,1.2821801684265421,1.2979360955993686,1.12
off,A,5,49,40,3,1,local-density (r = 9),60,39011.45,1.2831841475689152,1.2755231684724657,1.2908451266653647,1.23
off,A,6,49,50,5,1,extensive-intensive,60,33096.03333333333,1.0755499177804402,1.0704388719367475,1.0806609636241329,1.08
off,A,6,49,50,5,1,extensive-only,60,30738.433333333334,0.9989329872673425,0.9940543392237797,1.0038116353109052,1.01
off,A,6,49,50,5,1,local-density (r = 2.25),60,33904.95,1.1018379700543146,1.0971320622002003,1.106543877908429,NA
off,A,6,49,50,5,1,local-density (r = 4.5),60,37505.55,1.2188497277763455,1.2127813936977048,1.2249180618549862,1.08
off,A,6,49,50,5,1,local-density (r = 9),60,37272.46666666667,1.2112750206361347,1.2043863481788195,1.2181636930934499,1.16
off,A,7,49,60,6,1,extensive-intensive,60,32242.233333333334,1.0403019161761011,1.035611078649724,1.0449927537024783,1.04
off,A,7,49,60,6,1,extensive-only,60,30966.383333333335,0.9991363683050395,0.995109861564708,1.003162875045371,1
off,A,7,49,60,6,1,local-density (r = 2.25),60,33495.4,1.080735581894709,1.0762164170739317,1.0852547467154865,NA
off,A,7,49,60,6,1,local-density (r = 4.5),60,36256.433333333334,1.1698208582649177,1.164814808850037,1.1748269076797984,1.05
off,A,7,49,60,6,1,local-density (r = 9),60,35568.65,1.1476293955277215,1.1415454185445528,1.1537133725108901,1.1
off,A,8,49,70,7,1,extensive-intensive,60,31917.9,1.036985094524443,1.0324873836618387,1.0414828053870473,1.02
off,A,8,49,70,7,1,extensive-only,60,30737.35,0.9986300412991107,0.9941211203695196,1.003138962228702,0.99
off,A,8,49,70,7,1,local-density (r = 2.25),60,32988.4,1.07176471798615,1.0674666214025366,1.0760628145697635,NA
off,A,8,49,70,7,1,local-density (r = 4.5),60,35718.583333333336,1.1604660242119895,1.1551040452071424,1.1658280032168367,1.03
off,A,8,49,70,7,1,local-density (r = 9),60,34214.3,1.1115931536720038,1.1050443219300463,1.1181419854139614,1.09
off,B,9,5,20,7,1,extensive-intensive,60,3397.616666666667,1.0704245320171177,1.059434193631955,1.0814148704022806,1.1
off,B,9,5,20,7,1,extensive-only,60,3189.15,1.0047467772847805,0.9948545094394066,1.0146390451301543,1.02
off,B,9,5,20,7,1,local-density (r = 2.25),60,3521.4166666666665,1.1094279188217069,1.0967785235073306,1.1220773141360831,NA
off,B,9,5,20,7,1,local-density (r = 4.5),60,4241.816666666667,1.3363910840400115,1.3202338517020802,1.3525483163779428,NA
off,B,9,5,20,7,1,local-density (r = 9),60,4761.433333333333,1.5000971409068233,1.4836963336733608,1.5164979481402858,1.48
off,B,10,10,20,5,1,extensive-intensive,60,7034.55,1.125867261334749,1.1133774142321016,1.1383571084373962,1.12
off,B,10,10,20,5,1,extensive-only,60,6254.516666666666,1.0010243086583424,0.9899302409892948,1.0121183763273898,1.005
off,B,10,10,20,5,1,local-density (r = 2.25),60,7088.366666666667,1.134480523464404,1.122028365719848,1.14693268120896,NA
off,B,10,10,20,5,1,local-density (r = 4.5),60,8672.25,1.387978244110892,1.3705919263107391,1.405364561911045,NA
off,B,10,10,20,5,1,local-density (r = 9),60,9177.866666666667,1.4689012955904046,1.4530397273562174,1.4847628638245918,1.47
off,B,11,20,20,3,1,extensive-intensive,60,14755.916666666666,1.2209721661014752,1.2075989083354002,1.2343454238675502,1.2
off,B,11,20,20,3,1,extensive-only,60,12164,1.0065051032721346,0.9959591688834598,1.0170510376608093,1.005
off,B,11,20,20,3,1,local-density (r = 2.25),60,14567.133333333333,1.2053513679748125,1.1906703787678816,1.2200323571817433,NA
off,B,11,20,20,3,1,local-density (r = 4.5),60,17405.4,1.4402025587383107,1.4230774624926927,1.4573276549839287,NA
off,B,11,20,20,3,1,local-density (r = 9),60,17874.433333333334,1.4790125261507359,1.4625985557092198,1.495426496592252,1.42
off,B,12,30,20,2,1,extensive-intensive,60,22686.366666666665,1.2682131021226917,1.2545246354702833,1.2819015687751,1.27
off,B,12,30,20,2,1,extensive-only,60,17897.716666666667,1.0005180251316725,0.990593806841665,1.01044224342168,1.005
off,B,12,30,20,2,1,local-density (r = 2.25),60,22199.066666666666,1.240972061115785,1.2277231702405993,1.2542209519909708,NA
off,B,12,30,20,2,1,local-density (r = 4.5),60,25912.016666666666,1.448533364638449,1.4343506355872153,1.4627160936896828,NA
off,B,12,30,20,2,1,local-density (r = 9),60,25957.983333333334,1.4511029928995152,1.4370479620920276,1.4651580237070028,1.4
off,B,13,40,20,1,1,extensive-intensive,60,30677.716666666667,1.3333722093480638,1.318022828964213,1.3487215897319145,1.3
off,B,13,40,20,1,1,extensive-only,60,23188.116666666665,1.0078452280657781,0.9981646028755209,1.0175258532560354,1
off,B,13,40,20,1,1,local-density (r = 2.25),60,29737.516666666666,1.2925074812181765,1.2790349378524062,1.3059800245839468,NA
off,B,13,40,20,1,1,local-density (r = 4.5),60,33407.3,1.4520104574064967,1.4371243343577673,1.466896580455226,NA
off,B,13,40,20,1,1,local-density (r = 9),60,33683.35,1.464008658002386,1.4501186302674285,1.4778986857373437,1.4
off,B,14,49,20,1,1,extensive-intensive,60,37870.76666666667,1.3742046411881714,1.3610396229425026,1.3873696594338403,1.34
off,B,14,49,20,1,1,extensive-only,60,27650.783333333333,1.0033553089539213,0.9946849923992223,1.0120256255086204,1
off,B,14,49,20,1,1,local-density (r = 2.25),60,36288.36666666667,1.316784588318469,1.3023199256856968,1.3312492509512412,NA
off,B,14,49,20,1,1,local-density (r = 4.5),60,40326.15,1.4633023666781777,1.44963083374796,1.4769738996083954,NA
off,B,14,49,20,1,1,local-density (r = 9),60,40020.1,1.4521968262454348,1.4378916127709163,1.4665020397199533,1.38
off,C,15,5,6,0,1,extensive-intensive,60,3218.9166666666665,1.1194998811725085,1.0895362816147003,1.1494634807303168,1.12
off,C,15,5,6,0,1,extensive-only,60,2939.233333333333,1.0222294355983979,0.9966867504622108,1.047772120734585,0.995
off,C,15,5,6,0,1,local-density (r = 2.25),60,3406.9333333333334,1.1848897802560878,1.1520495484684021,1.2177300120437735,NA
off,C,15,5,6,0,1,local-density (r = 4.5),60,4001.75,1.3917597482016473,1.3541922121671561,1.4293272842361384,NA
off,C,15,5,6,0,1,local-density (r = 9),60,4547.45,1.5815475396912804,1.5359746918559638,1.627120387526597,1.47
off,C,16,10,9,0,1,extensive-intensive,60,6807.866666666667,1.1897323574043708,1.1649884060417584,1.2144763087669832,1.19
off,C,16,10,9,0,1,extensive-only,60,5670.033333333334,0.9908863458295348,0.9711622349697784,1.0106104566892913,1.005
off,C,16,10,9,0,1,local-density (r = 2.25),60,7197.833333333333,1.2578823351226658,1.2342493230408693,1.2815153472044623,NA
off,C,16,10,9,0,1,local-density (r = 4.5),60,8290.983333333334,1.4489195557639711,1.4198049820875533,1.478034129440389,NA
off,C,16,10,9,0,1,local-density (r = 9),60,8899.4,1.5552455210860656,1.5272496058937113,1.58324143627842,1.46
off,C,17,20,13,0,1,extensive-intensive,60,14641.05,1.2896232702759043,1.2727707922487548,1.3064757483030538,1.27
off,C,17,20,13,0,1,extensive-only,60,11375.216666666667,1.0019598401592535,0.9889114731542966,1.0150082071642106,1
off,C,17,20,13,0,1,local-density (r = 2.25),60,14684.966666666667,1.2934915690172026,1.2746440425713852,1.31233909546302,NA
off,C,17,20,13,0,1,local-density (r = 4.5),60,16737.066666666666,1.474246085457839,1.4548280901334238,1.493664080782254,NA
off,C,17,20,13,0,1,local-density (r = 9),60,17167.716666666667,1.512178901843571,1.4914176560256687,1.5329401476614732,1.42
off,C,18,30,16,0,1,extensive-intensive,60,22609.416666666668,1.3336004010931755,1.316204631351382,1.350996170834969,1.31
off,C,18,30,16,0,1,extensive-only,60,17016.916666666668,1.0037307563752187,0.9928450693855811,1.0146164433648561,1
off,C,18,30,16,0,1,local-density (r = 2.25),60,22111.833333333332,1.3042508012032794,1.2870654262870298,1.321436176119529,NA
off,C,18,30,16,0,1,local-density (r = 4.5),60,24913.283333333333,1.4694923418729477,1.4534070740055653,1.4855776097403302,NA
off,C,18,30,16,0,1,local-density (r = 9),60,25494.016666666666,1.5037464855193565,1.4877181532966492,1.5197748177420638,1.4
off,C,19,40,18,0,1,extensive-intensive,60,30530.216666666667,1.360878331594916,1.346009097238015,1.375747565951817,1.33
off,C,19,40,18,0,1,extensive-only,60,22545.633333333335,1.0049671186551485,0.994751937424311,1.015182299885986,1
off,C,19,40,18,0,1,local-density (r = 2.25),60,29510.433333333334,1.3154216924754765,1.3024043989808902,1.3284389859700627,NA
off,C,19,40,18,0,1,local-density (r = 4.5),60,32963.933333333334,1.4693607676375058,1.4541592501910532,1.4845622850839584,NA
off,C,19,40,18,0,1,local-density (r = 9),60,32963.566666666666,1.4693444235438156,1.4549292804784502,1.483759566609181,1.4
off,C,20,49,20,0,1,extensive-intensive,60,37599.333333333336,1.364571443779688,1.34959693481829,1.3795459527410863,1.34
off,C,20,49,20,0,1,extensive-only,60,27605.383333333335,1.001866641020011,0.9920578230772223,1.0116754589627996,1
off,C,20,49,20,0,1,local-density (r = 2.25),60,35981.066666666666,1.3058406024060676,1.2920771968150295,1.3196040079971056,NA
off,C,20,49,20,0,1,local-density (r = 4.5),60,39921.98333333333,1.4488660730433687,1.4353369467672994,1.462395199319438,NA
off,C,20,49,20,0,1,local-density (r = 9),60,39959.26666666667,1.4502191760769934,1.4360574888851285,1.4643808632688582,1.38
off,D,21,5,70,10,1,extensive-intensive,60,3293.383333333333,1.0380435068107436,1.0261085238790622,1.0499784897424251,1.03
off,D,21,5,70,10,1,extensive-only,60,3174.75,1.0006513939304795,0.9899158416884167,1.0113869461725422,0.995
off,D,21,5,70,10,1,local-density (r = 2.25),60,3449.8166666666666,1.0873498248065516,1.0759705155010448,1.0987291341120584,NA
off,D,21,5,70,10,1,local-density (r = 4.5),60,4049.9333333333334,1.2765009639579536,1.2615061771657008,1.2914957507502065,NA
off,D,21,5,70,10,1,local-density (r = 9),60,4460.5,1.4059077226953,1.3896787294280275,1.4221367159625726,1.25
off,D,22,10,70,10,1,extensive-intensive,60,6605.816666666667,1.045301340816305,1.0371327632644092,1.0534699183682008,1.04
off,D,22,10,70,10,1,extensive-only,60,6336.5,1.0026847974006519,0.9956362896947113,1.0097333051065924,0.997
off,D,22,10,70,10,1,local-density (r = 2.25),60,6895.4,1.091124872089711,1.0821862078953635,1.1000635362840587,NA
off,D,22,10,70,10,1,local-density (r = 4.5),60,7998.95,1.265750108130347,1.2558864457236696,1.2756137705370245,NA
off,D,22,10,70,10,1,local-density (r = 9),60,8296.6,1.3128501049655565,1.3015180100465926,1.3241821998845205,1.29
off,D,23,20,70,10,1,extensive-intensive,60,13136.916666666666,1.0428193424621286,1.0369997780769669,1.0486389068472903,1.03
off,D,23,20,70,10,1,extensive-only,60,12674.616666666667,1.006121584970563,1.000746785930563,1.0114963840105629,0.993
off,D,23,20,70,10,1,local-density (r = 2.25),60,13658.55,1.0842270291724547,1.0782569294605369,1.0901971288843726,NA
off,D,23,20,70,10,1,local-density (r = 4.5),60,15545.033333333333,1.233977641066349,1.2274744727543687,1.2404808093783293,NA
off,D,23,20,70,10,1,local-density (r = 9),60,14756.666666666666,1.1713964410928093,1.1603447736756174,1.1824481085100012,1.17
off,D,24,30,70,10,1,extensive-intensive,60,19634.083333333332,1.0430493773817449,1.0378642942159293,1.0482344605475604,1.035
off,D,24,30,70,10,1,extensive-only,60,18910.833333333332,1.0046271373726783,1.0000340661542853,1.0092202085910713,1
off,D,24,30,70,10,1,local-density (r = 2.25),60,20438.383333333335,1.0857773519953535,1.0808447655770037,1.0907099384137033,NA
off,D,24,30,70,10,1,local-density (r = 4.5),60,22725.583333333332,1.2072835356783633,1.2012015609511884,1.2133655104055383,NA
off,D,24,30,70,10,1,local-density (r = 9),60,21897.05,1.1632681791780588,1.1551168100776297,1.171419548278488,1.155
off,D,25,40,70,7,1,extensive-intensive,60,26095.416666666668,1.040388240617751,1.0351604171955329,1.045616064039969,1.035
off,D,25,40,70,7,1,extensive-only,60,25121.266666666666,1.0015502248257906,0.9970202764381499,1.0060801732134312,1
off,D,25,40,70,7,1,local-density (r = 2.25),60,27117.383333333335,1.0811326409040076,1.0763254704453422,1.085939811362673,NA
off,D,25,40,70,7,1,local-density (r = 4.5),60,29737.116666666665,1.1855777926472961,1.179718346504027,1.1914372387905652,NA
off,D,25,40,70,7,1,local-density (r = 9),60,28259.216666666667,1.1266559597273784,1.1180782833742502,1.1352336360805066,1.13
off,D,26,49,70,7,1,extensive-intensive,60,31874.733333333334,1.0405018389153664,1.0351973615971233,1.0458063162336095,1.03
off,D,26,49,70,7,1,extensive-only,60,30721.133333333335,1.0028443341820636,0.9986165974782479,1.0070720708858794,0.997
off,D,26,49,70,7,1,local-density (r = 2.25),60,33034.2,1.0783508519945157,1.0733277145925793,1.0833739893964522,NA
off,D,26,49,70,7,1,local-density (r = 4.5),60,35496.8,1.1587386563948554,1.1530868105734824,1.1643905022162284,NA
off,D,26,49,70,7,1,local-density (r = 9),60,34494.4,1.1260168440295097,1.1198636115164482,1.1321700765425713,1.1
off,A,1,49,10,0,1000,extensive-intensive,60,18713.316666666666,1.2320308556630895,1.2244980480575784,1.2395636632686005,1.44
off,A,1,49,10,0,1000,extensive-only,60,15055.4,0.9912041609059188,0.9842956138830741,0.9981127079287635,1
off,A,1,49,10,0,1000,local-density (r = 2.25),60,18448.283333333333,1.2145818245660236,1.2067398442782284,1.2224238048538187,NA
off,A,1,49,10,0,1000,local-density (r = 4.5),60,19658.666666666668,1.2942699760791803,1.2857094415009072,1.3028305106574534,1.27
off,A,1,49,10,0,1000,local-density (r = 9),60,20118.766666666666,1.3245616345162068,1.3164602195726791,1.3326630494597345,1.33
off,A,2,49,15,0,1000,extensive-intensive,60,20223.25,1.1644027541203847,1.1584504086129006,1.1703550996278689,1.41
off,A,2,49,15,0,1000,extensive-only,60,17202.15,0.9904555814120864,0.9850391864023849,0.995871976421788,1.005
off,A,2,49,15,0,1000,local-density (r = 2.25),60,20127.116666666665,1.1588676438835974,1.1525189729427772,1.1652163148244177,NA
off,A,2,49,15,0,1000,local-density (r = 4.5),60,21527.9,1.2395211477100976,1.2332723013658768,1.2457699940543183,1.32
off,A,2,49,15,0,1000,local-density (r = 9),60,21855.233333333334,1.258368159681405,1.252113840151707,1.264622479211103,1.38
off,A,3,49,20,1,1000,extensive-intensive,60,20432.75,1.1244785609198609,1.1196712674857325,1.1292858543539892,1.34
off,A,3,49,20,1,1000,extensive-only,60,17907.916666666668,0.9855290336546048,0.9811519039177269,0.9899061633914826,1
off,A,3,49,20,1,1000,local-density (r = 2.25),60,20362.216666666667,1.1205968895264582,1.1159465210208073,1.1252472580321091,NA
off,A,3,49,20,1,1000,local-density (r = 4.5),60,22014.566666666666,1.2115309121194,1.206795663295039,1.216266160943761,1.3
off,A,3,49,20,1,1000,local-density (r = 9),60,22162.916666666668,1.2196950796696546,1.2150184215465738,1.2243717377927354,1.38
off,A,4,49,30,2,1000,extensive-intensive,60,19967.866666666665,1.068264985127221,1.0641076338954703,1.0724223363589718,1.22
off,A,4,49,30,2,1000,extensive-only,60,18472.666666666668,0.9882729743417816,0.985263488913881,0.9912824597696822,1
off,A,4,49,30,2,1000,local-density (r = 2.25),60,20060.116666666665,1.0732002867557369,1.0698645151069432,1.0765360584045305,NA
off,A,4,49,30,2,1000,local-density (r = 4.5),60,21839.116666666665,1.1683753718194723,1.1647834128800547,1.1719673307588898,1.16
off,A,4,49,30,2,1000,local-density (r = 9),60,21938.1,1.1736709014259321,1.1700128924410784,1.1773289104107858,1.32
off,A,5,49,40,3,1000,extensive-intensive,60,19480.983333333334,1.0302528963382387,1.027060910613837,1.0334448820626403,1.13
off,A,5,49,40,3,1000,extensive-only,60,18714.633333333335,0.9897244336010492,0.9871722382287134,0.9922766289733851,0.995
off,A,5,49,40,3,1000,local-density (r = 2.25),60,19862.866666666665,1.0504488178427127,1.0478644178007708,1.0530332178846546,NA
off,A,5,49,40,3,1000,local-density (r = 4.5),60,21431.4,1.1334007911604391,1.1303701547569076,1.1364314275639706,1.12
off,A,5,49,40,3,1000,local-density (r = 9),60,21314.65,1.1272264608615328,1.1243148955391271,1.1301380261839384,1.23
off,A,6,49,50,5,1000,extensive-intensive,60,19081.4,1.0041062899380988,1.001476920542318,1.0067356593338797,1.08
off,A,6,49,50,5,1000,extensive-only,60,18731.4,0.9856885008095059,0.9833302344204347,0.9880467671985771,1.01
off,A,6,49,50,5,1000,local-density (r = 2.25),60,19745.366666666665,1.0390457129526172,1.0364706036918399,1.0416208222133945,NA
off,A,6,49,50,5,1000,local-density (r = 4.5),60,21133.5,1.1120924187117722,1.1095020888372176,1.1146827485863269,1.08
off,A,6,49,50,5,1000,local-density (r = 9),60,20662.666666666668,1.087316107145927,1.0841560056018822,1.0904762086899717,1.16
off,A,7,49,60,6,1000,extensive-intensive,60,18790.15,0.9875285442873323,0.9854347084076899,0.9896223801669747,1.04
off,A,7,49,60,6,1000,extensive-only,60,18751.933333333334,0.9855200425350393,0.9834442295140526,0.987595855556026,1
off,A,7,49,60,6,1000,local-density (r = 2.25),60,19655.866666666665,1.0330268463018777,1.031107160363671,1.0349465322400844,NA
off,A,7,49,60,6,1000,local-density (r = 4.5),60,20854.583333333332,1.096026179721052,1.0937960877447919,1.098256271697312,1.05
off,A,7,49,60,6,1000,local-density (r = 9),60,20053.116666666665,1.0539045782102523,1.0506655218037722,1.0571436346167324,1.1
off,A,8,49,70,7,1000,extensive-intensive,60,18577.15,0.9808723429531885,0.9784662883639689,0.9832783975424081,1.02
off,A,8,49,70,7,1000,extensive-only,60,18636.983333333334,0.9840315391621529,0.9816449623975517,0.9864181159267541,0.99
off,A,8,49,70,7,1000,local-density (r = 2.25),60,19491.85,1.0291684449978658,1.0264380013803438,1.0318988886153877,NA
off,A,8,49,70,7,1000,local-density (r = 4.5),60,20601.233333333334,1.0877438147074223,1.0850170470363936,1.090470582378451,1.03
off,A,8,49,70,7,1000,local-density (r = 9),60,19565.966666666667,1.0330818003018396,1.0297289056933563,1.036434694910323,1.09
off,B,9,5,20,7,1000,extensive-intensive,60,1951.5833333333333,0.9996670479963119,0.9939260706707923,1.0054080253218314,1.1
off,B,9,5,20,7,1000,extensive-only,60,1935.7333333333333,0.9915481414448409,0.9862044471889408,0.996891835700741,1.02
off,B,9,5,20,7,1000,local-density (r = 2.25),60,2033.1833333333334,1.0414653303054622,1.0348520630235618,1.0480785975873625,NA
off,B,9,5,20,7,1000,local-density (r = 4.5),60,2256.4166666666665,1.1558130004951592,1.1494912645230428,1.1621347364672756,NA
off,B,9,5,20,7,1000,local-density (r = 9),60,2396.7833333333333,1.2277135588300578,1.221552579013058,1.2338745386470578,1.48
off,B,10,10,20,5,1000,extensive-intensive,60,3965.75,1.0213722174051147,1.0156944754275148,1.0270499593827147,1.12
off,B,10,10,20,5,1000,extensive-only,60,3830.866666666667,0.9866332426190946,0.981562246637125,0.9917042386010642,1.005
off,B,10,10,20,5,1000,local-density (r = 2.25),60,4076.366666666667,1.0498613531588301,1.0450506318392125,1.0546720744784477,NA
off,B,10,10,20,5,1000,local-density (r = 4.5),60,4525.583333333333,1.1655563472781434,1.1592507907678609,1.171861903788426,NA
off,B,10,10,20,5,1000,local-density (r = 9),60,4739.8,1.2207274881313153,1.2147096260523753,1.2267453502102552,1.47
off,B,11,20,20,3,1000,extensive-intensive,60,8090.45,1.055643267223382,1.0507723312433728,1.0605142032033912,1.2
off,B,11,20,20,3,1000,extensive-only,60,7567.433333333333,0.9873999652052888,0.9826909397924748,0.9921089906181029,1.005
off,B,11,20,20,3,1000,local-density (r = 2.25),60,8229.583333333334,1.0737974077940153,1.068660234848408,1.0789345807396227,NA
off,B,11,20,20,3,1000,local-density (r = 4.5),60,9116.116666666667,1.1894724251913709,1.1840248643708922,1.1949199860118496,NA
off,B,11,20,20,3,1000,local-density (r = 9),60,9285.9,1.211625782881002,1.2062466440588695,1.2170049217031345,1.42
off,B,12,30,20,2,1000,extensive-intensive,60,12307.45,1.081888026441864,1.0772319675957438,1.0865440852879842,1.27
off,B,12,30,20,2,1000,extensive-only,60,11220.016666666666,0.9862970548850347,0.9815803536916506,0.9910137560784188,1.005
off,B,12,30,20,2,1000,local-density (r = 2.25),60,12377.383333333333,1.088035525394328,1.0834827677013954,1.0925882830872604,NA
off,B,12,30,20,2,1000,local-density (r = 4.5),60,13613.566666666668,1.1967023854522867,1.191901283903451,1.2015034870011223,NA
off,B,12,30,20,2,1000,local-density (r = 9),60,13819.883333333333,1.214838679430492,1.2099978310130723,1.2196795278479116,1.4
off,B,13,40,20,1,1000,extensive-intensive,60,16567.566666666666,1.10960616702126,1.1040844802447807,1.1151278537977394,1.3
off,B,13,40,20,1,1000,extensive-only,60,14779.866666666667,0.9898756728156792,0.985051747099145,0.9946995985322135,1
off,B,13,40,20,1,1000,local-density (r = 2.25),60,16574.85,1.1100939653652013,1.105441705621913,1.1147462251084896,NA
off,B,13,40,20,1,1000,local-density (r = 4.5),60,18075.483333333334,1.2105982841107226,1.2056828538866142,1.215513714334831,NA
off,B,13,40,20,1,1000,local-density (r = 9),60,18210.25,1.2196242278386626,1.214463532397874,1.2247849232794512,1.4
off,B,14,49,20,1,1000,extensive-intensive,60,20422.416666666668,1.12632110140654,1.1216731015059,1.1309691013071799,1.34
off,B,14,49,20,1,1000,extensive-only,60,17919.083333333332,0.9882592254195628,0.9841476247932389,0.9923708260458867,1
off,B,14,49,20,1,1000,local-density (r = 2.25),60,20386.316666666666,1.1243301425291243,1.119409003287954,1.1292512817702947,NA
off,B,14,49,20,1,1000,local-density (r = 4.5),60,22000.35,1.213346042624536,1.2087391996125307,1.2179528856365411,NA
off,B,14,49,20,1,1000,local-density (r = 9),60,22209.433333333334,1.224877242586298,1.2202176379423424,1.2295368472302535,1.38
off,C,15,5,6,0,1000,extensive-intensive,60,1931.1166666666666,1.039137960413621,1.027030881941544,1.0512450388856982,1.12
off,C,15,5,6,0,1000,extensive-only,60,1858.3333333333333,0.9999730948943076,0.9875259741892347,1.0124202155993804,0.995
off,C,15,5,6,0,1000,local-density (r = 2.25),60,2001.5333333333333,1.077029317596836,1.0642706983991659,1.089787936794506,NA
off,C,15,5,6,0,1000,local-density (r = 4.5),60,2210,1.1892056715962798,1.1761240638736916,1.202287279318868,NA
off,C,15,5,6,0,1000,local-density (r = 9),60,2369.6,1.2750867689658574,1.2610760386854758,1.289097499246239,1.47
off,C,16,10,9,0,1000,extensive-intensive,60,3945.4166666666665,1.0555357381727382,1.0455088625634652,1.0655626137820111,1.19
off,C,16,10,9,0,1000,extensive-only,60,3688.35,0.9867614928434476,0.9767959936071865,0.9967269920797087,1.005
off,C,16,10,9,0,1000,local-density (r = 2.25),60,4082.133333333333,1.092112186204129,1.0829995331028315,1.1012248393054265,NA
off,C,16,10,9,0,1000,local-density (r = 4.5),60,4497.9,1.2033441833504257,1.1936497298485707,1.2130386368522807,NA
off,C,16,10,9,0,1000,local-density (r = 9),60,4709.333333333333,1.259909929995095,1.249703806184382,1.2701160538058083,1.46
off,C,17,20,13,0,1000,extensive-intensive,60,8112.783333333334,1.092174759808475,1.0852174127146565,1.0991321069022935,1.27
off,C,17,20,13,0,1000,extensive-only,60,7381.416666666667,0.9937153062918737,0.9870871738913667,1.0003434386923806,1
off,C,17,20,13,0,1000,local-density (r = 2.25),60,8279.983333333334,1.1146838805796009,1.1073753970788893,1.1219923640803124,NA
off,C,17,20,13,0,1000,local-density (r = 4.5),60,9052.333333333334,1.218660671414404,1.2117630257040697,1.2255583171247382,NA
off,C,17,20,13,0,1000,local-density (r = 9),60,9291.583333333334,1.2508694462020347,1.243790595819087,1.2579482965849824,1.42
off,C,18,30,16,0,1000,extensive-intensive,60,12346.916666666666,1.1109669775951532,1.1053096527023156,1.1166243024879907,1.31
off,C,18,30,16,0,1000,extensive-only,60,10997.666666666666,0.989562400647851,0.9835443633304835,0.9955804379652184,1
off,C,18,30,16,0,1000,local-density (r = 2.25),60,12457.35,1.1209036921508053,1.1149673739710229,1.1268400103305878,NA
off,C,18,30,16,0,1000,local-density (r = 4.5),60,13598.483333333334,1.2235820761224918,1.2174646842370638,1.2296994680079198,NA
off,C,18,30,16,0,1000,local-density (r = 9),60,13823.85,1.243860412105216,1.2375112548986194,1.2502095693118125,1.4
off,C,19,40,18,0,1000,extensive-intensive,60,16591.883333333335,1.1220334971371895,1.116644948154051,1.127422046120328,1.33
off,C,19,40,18,0,1000,extensive-only,60,14662.383333333333,0.991550200622154,0.986984083675986,0.9961163175683221,1
off,C,19,40,18,0,1000,local-density (r = 2.25),60,16639.65,1.1252637392362834,1.120010896941828,1.1305165815307388,NA
off,C,19,40,18,0,1000,local-density (r = 4.5),60,18090.716666666667,1.2233927685857264,1.218453713759114,1.2283318234123388,NA
off,C,19,40,18,0,1000,local-density (r = 9),60,18228.216666666667,1.232691267300843,1.2276379029656703,1.2377446316360157,1.4
off,C,20,49,20,0,1000,extensive-intensive,60,20437.65,1.1271570939828408,1.1219298002323204,1.1323843877333613,1.34
off,C,20,49,20,0,1000,extensive-only,60,17944.733333333334,0.9896702153279372,0.9853127191311978,0.9940277115246766,1
off,C,20,49,20,0,1000,local-density (r = 2.25),60,20300.8,1.1196096778997024,1.1144360514996954,1.1247833042997095,NA
off,C,20,49,20,0,1000,local-density (r = 4.5),60,22045.116666666665,1.215810508473953,1.2105087882688041,1.2211122286791019,NA
off,C,20,49,20,0,1000,local-density (r = 9),60,22206.016666666666,1.2246843064116728,1.2193566543317345,1.2300119584916112,1.38
off,D,21,5,70,10,1000,extensive-intensive,60,1909.8666666666666,0.9823995884950062,0.9750457378480784,0.989753439141934,1.03
off,D,21,5,70,10,1000,extensive-only,60,1905.5,0.9801534570705989,0.9733638896565642,0.9869430244846336,0.995
off,D,21,5,70,10,1000,local-density (r = 2.25),60,1994.3,1.025830511380685,1.0191842390499777,1.0324767837113922,NA
off,D,21,5,70,10,1000,local-density (r = 4.5),60,2205.616666666667,1.134527840884736,1.1276438874150925,1.1414117943543793,NA
off,D,21,5,70,10,1000,local-density (r = 9),60,2345.7,1.206584079900553,1.1991105517653695,1.2140576080357364,1.25
off,D,22,10,70,10,1000,extensive-intensive,60,3819.6,0.9879383034305569,0.9826460390823579,0.9932305677787558,1.04
off,D,22,10,70,10,1000,extensive-only,60,3808.733333333333,0.9851276436152328,0.9801980701682311,0.9900572170622344,0.997
off,D,22,10,70,10,1000,local-density (r = 2.25),60,4002.55,1.0352582617017425,1.0294527251198426,1.0410637982836424,NA
off,D,22,10,70,10,1000,local-density (r = 4.5),60,4383.283333333334,1.13373481510859,1.1279135365570725,1.1395560936601075,NA
off,D,22,10,70,10,1000,local-density (r = 9),60,4554.233333333334,1.1779509772646937,1.1719739098291335,1.1839280447002538,1.29
off,D,23,20,70,10,1000,extensive-intensive,60,7606.55,0.9832008806719649,0.9791899356591229,0.9872118256848068,1.03
off,D,23,20,70,10,1000,extensive-only,60,7621.65,0.9851526634510362,0.9818857807318075,0.988419546170265,0.993
off,D,23,20,70,10,1000,local-density (r = 2.25),60,7988.483333333334,1.0325684901258319,1.0286688637525654,1.0364681164990983,NA
off,D,23,20,70,10,1000,local-density (r = 4.5),60,8666.983333333334,1.1202694580463646,1.1164303865634533,1.1241085295292759,NA
off,D,23,20,70,10,1000,local-density (r = 9),60,8149.266666666666,1.0533508835802503,1.0476291708819407,1.0590725962785599,1.17
off,D,24,30,70,10,1000,extensive-intensive,60,11376.466666666667,0.9786951553307993,0.9757076594539342,0.9816826512076644,1.035
off,D,24,30,70,10,1000,extensive-only,60,11403.166666666666,0.9809921040595199,0.9781658812488235,0.9838183268702162,1
off,D,24,30,70,10,1000,local-density (r = 2.25),60,11959.683333333332,1.0288681433858056,1.0257822011992754,1.0319540855723357,NA
off,D,24,30,70,10,1000,local-density (r = 4.5),60,12851.583333333334,1.105596554290147,1.102436145759037,1.1087569628212568,NA
off,D,24,30,70,10,1000,local-density (r = 9),60,12336.466666666667,1.061282075914012,1.0575107315799577,1.0650534202480664,1.155
off,D,25,40,70,7,1000,extensive-intensive,60,15197.9,0.9840586372789608,0.9809506348048496,0.9871666397530721,1.035
off,D,25,40,70,7,1000,extensive-only,60,15219.45,0.9854539921393931,0.9824517235027818,0.9884562607760045,1
off,D,25,40,70,7,1000,local-density (r = 2.25),60,15915.233333333334,1.0305057163145366,1.0276550247285057,1.0333564079005675,NA
off,D,25,40,70,7,1000,local-density (r = 4.5),60,16964.883333333335,1.0984701817090885,1.0952134295362572,1.1017269338819198,NA
off,D,25,40,70,7,1000,local-density (r = 9),60,15899.183333333332,1.0294664845043306,1.0259733508474749,1.0329596181611864,1.13
off,D,26,49,70,7,1000,extensive-intensive,60,18561.15,0.9803337998785223,0.9776427729416458,0.9830248268153988,1.03
off,D,26,49,70,7,1000,extensive-only,60,18604.783333333333,0.982638357056716,0.9799377888303595,0.9853389252830724,0.997
off,D,26,49,70,7,1000,local-density (r = 2.25),60,19473.116666666665,1.0285006293958678,1.025969262644889,1.0310319961468466,NA
off,D,26,49,70,7,1000,local-density (r = 4.5),60,20634.216666666667,1.0898257937870266,1.0870157312088697,1.0926358563651835,NA
off,D,26,49,70,7,1000,local-density (r = 9),60,19617.3,1.036115879261626,1.0327156796980237,1.0395160788252285,1.1
